time_us,y_g,time_ms
14240,0.0546,14.24
15301,0.0429,15.301
16313,0.0429,16.313
17347,0.0585,17.347
18368,0.0585,18.368
19396,0.0585,19.396
20408,0.0663,20.408
21426,0.0663,21.426
22443,0.0819,22.443
23455,0.0819,23.455
25017,0.078,25.017
27500,0.0702,27.5
30021,0.0663,30.021
32513,0.0429,32.513
35021,0.0507,35.021
37502,0.0624,37.502
40023,0.0624,40.023
42515,0.0624,42.515
45022,0.0663,45.022
47524,0.0624,47.524
50006,0.0624,50.006
52505,0.0663,52.505
55014,0.0585,55.014
57522,0.0663,57.522
60011,0.0624,60.011
62510,0.0624,62.51
65008,0.0702,65.008
67517,0.0624,67.517
70008,0.0702,70.008
72501,0.0663,72.501
75006,0.0741,75.006
77512,0.0741,77.512
80005,0.0741,80.005
82500,0.078,82.5
85007,0.0663,85.007
87503,0.0702,87.503
90012,0.078,90.012
92505,0.0663,92.505
95014,0.0663,95.014
97502,0.0663,97.502
100026,0.0663,100.026
102505,0.0702,102.505
105024,0.0663,105.024
107512,0.0663,107.512
110021,0.0624,110.021
112506,0.0624,112.506
115002,0.0585,115.002
117520,0.0624,117.52
120012,0.0702,120.012
122506,0.0663,122.506
125014,0.0663,125.014
127523,0.0663,127.523
130017,0.0624,130.017
132517,0.0663,132.517
135026,0.0624,135.026
137505,0.0663,137.505
140022,0.0624,140.022
142500,0.0702,142.5
145006,0.0585,145.006
147514,0.0741,147.514
150018,0.0741,150.018
152518,0.0663,152.518
155003,0.0624,155.003
157508,0.0663,157.508
160011,0.0624,160.011
162510,0.0546,162.51
165008,0.0624,165.008
167514,0.0663,167.514
170013,0.0663,170.013
172503,0.0702,172.503
175011,0.0624,175.011
177519,0.078,177.519
180014,0.0819,180.014
182510,0.0663,182.51
185016,0.0663,185.016
187500,0.0585,187.5
190001,0.0663,190.001
192515,0.078,192.515
195026,0.0858,195.026
197503,0.0741,197.503
200000,0.0663,200.0
202520,0.0468,202.52
205007,0.0468,205.007
207522,0.0546,207.522
210018,0.0741,210.018
212501,0.0858,212.501
215009,0.0858,215.009
217502,0.078,217.502
220023,0.0507,220.023
222515,0.039,222.515
225024,0.0507,225.024
227505,0.0624,227.505
230024,0.0819,230.024
232517,0.0819,232.517
235025,0.0819,235.025
237504,0.0702,237.504
240022,0.0468,240.022
242515,0.0468,242.515
245022,0.0468,245.022
247504,0.0663,247.504
250026,0.0858,250.026
252523,0.0741,252.523
255003,0.0663,255.003
257509,0.0546,257.509
260000,0.0546,260.0
262524,0.0468,262.524
265014,0.0546,265.014
267523,0.0663,267.523
270020,0.0702,270.02
272513,0.0702,272.513
275019,0.0663,275.019
277500,0.0702,277.5
280024,0.0624,280.024
282516,0.0624,282.516
285025,0.078,285.025
287504,0.0741,287.504
290022,0.0741,290.022
292503,0.078,292.503
295005,0.0585,295.005
297504,0.0702,297.504
300001,0.0702,300.001
302520,0.0702,302.52
305009,0.0663,305.009
307519,0.0741,307.519
310021,0.0702,310.021
312522,0.0741,312.522
315002,0.0702,315.002
317521,0.0663,317.521
320011,0.0624,320.011
322501,0.0585,322.501
325009,0.0663,325.009
327517,0.0741,327.517
330008,0.0819,330.008
332501,0.0741,332.501
335009,0.0624,335.009
337514,0.0546,337.514
340005,0.0429,340.005
342526,0.0585,342.526
345005,0.0702,345.005
347510,0.078,347.51
350026,0.0858,350.026
352523,0.0741,352.523
355004,0.0507,355.004
357512,0.0273,357.512
360006,0.039,360.006
362507,0.0585,362.507
365026,0.0819,365.026
367504,0.078,367.504
370001,0.078,370.001
372522,0.0663,372.522
375003,0.0429,375.003
377523,0.039,377.523
380015,0.0546,380.015
382507,0.0741,382.507
385017,0.0858,385.017
387525,0.0897,387.525
390019,0.0663,390.019
392514,0.0468,392.514
395018,0.0546,395.018
397509,0.0624,397.509
400010,0.0741,400.01
402515,0.0897,402.515
405003,0.0663,405.003
407513,0.0624,407.513
410019,0.0624,410.019
412505,0.0585,412.505
415014,0.0624,415.014
417503,0.0663,417.503
420025,0.0819,420.025
422516,0.0819,422.516
425024,0.0624,425.024
427506,0.0624,427.506
430025,0.0663,430.025
432518,0.0546,432.518
435000,0.0546,435.0
437504,0.0702,437.504
440022,0.0702,440.022
442506,0.0702,442.506
445014,0.0702,445.014
447518,0.0663,447.518
450009,0.0702,450.009
452506,0.0741,452.506
455017,0.0663,455.017
457524,0.0624,457.524
460014,0.0663,460.014
462512,0.0663,462.512
465007,0.0741,465.007
467512,0.0663,467.512
470008,0.0702,470.008
472500,0.0702,472.5
475005,0.0624,475.005
477512,0.0624,477.512
480003,0.0624,480.003
482524,0.0741,482.524
485005,0.0624,485.005
487509,0.0702,487.509
490027,0.078,490.027
492521,0.0624,492.521
495003,0.0741,495.003
497523,0.0702,497.523
500007,0.0663,500.007
502514,0.0585,502.514
505001,0.078,505.001
507521,0.0741,507.521
510000,0.0741,510.0
512511,0.0624,512.511
515020,0.0663,515.02
517513,0.0624,517.513
520005,0.0624,520.005
522500,0.0702,522.5
525008,0.0819,525.008
527519,0.0819,527.519
530010,0.0624,530.01
532502,0.0507,532.502
535009,0.0663,535.009
537515,0.0663,537.515
540004,0.078,540.004
542500,0.0741,542.5
545005,0.0624,545.005
547509,0.0468,547.509
550000,0.0702,550.0
552524,0.0702,552.524
555006,0.0702,555.006
557513,0.0546,557.513
560004,0.0507,560.004
562506,0.0585,562.506
565024,0.0624,565.024
567504,0.078,567.504
570000,0.0702,570.0
572519,0.0702,572.519
575012,0.0507,575.012
577524,0.0468,577.524
580018,0.0585,580.018
582511,0.0702,582.511
585019,0.0624,585.019
587525,0.0741,587.525
590018,0.0741,590.018
592510,0.0546,592.51
595015,0.0507,595.015
597523,0.0624,597.523
600022,0.0624,600.022
602510,0.0897,602.51
605003,0.0936,605.003
607502,0.0429,607.502
610009,0.0468,610.009
612521,0.0312,612.521
615002,0.0663,615.002
617521,0.1131,617.521
620010,0.1209,620.01
622501,0.0897,622.501
625006,0.0507,625.006
627516,0.0234,627.516
630007,0.0312,630.007
632501,0.1014,632.501
635006,0.0936,635.006
637508,0.1365,637.508
640004,0.0975,640.004
642500,0.0312,642.5
645009,0.0039,645.009
647519,0.078,647.519
650015,0.0468,650.015
652510,0.0897,652.51
655019,0.0858,655.019
657524,0.0897,657.524
660019,0.0546,660.019
662518,0.0429,662.518
665010,0.0273,665.01
667518,0.0663,667.518
670016,0.0429,670.016
672508,0.0624,672.508
675015,0.1014,675.015
677524,0.0858,677.524
680016,0.0429,680.016
682509,0.039,682.509
685015,0.0507,685.015
687521,0.0663,687.521
690012,0.0624,690.012
692505,0.0897,692.505
695011,0.0897,695.011
697517,0.0897,697.517
700008,0.0546,700.008
702506,0.0546,702.506
705018,0.0585,705.018
707521,0.0624,707.521
710003,0.0663,710.003
712513,0.039,712.513
715022,0.0585,715.022
717512,0.0858,717.512
720005,0.1014,720.005
722526,0.078,722.526
725005,0.0663,725.005
727515,0.0351,727.515
730006,0.0585,730.006
732500,0.0312,732.5
735008,0.0624,735.008
737514,0.0858,737.514
740005,0.0936,740.005
742526,0.0546,742.526
745003,0.0741,745.003
747507,0.0507,747.507
750025,0.0858,750.025
752517,0.0585,752.517
755000,0.0546,755.0
757505,0.0585,757.505
760025,0.0858,760.025
762524,0.0897,762.524
765015,0.0507,765.015
767522,0.0585,767.522
770020,0.0741,770.02
772514,0.0585,772.514
775022,0.078,775.022
777507,0.0819,777.507
780000,0.0897,780.0
782521,0.0429,782.521
785001,0.0312,785.001
787506,0.039,787.506
790023,0.0741,790.023
792515,0.0897,792.515
795023,0.1014,795.023
797502,0.0702,797.502
800020,0.0507,800.02
802512,0.0351,802.512
805001,0.0468,805.001
807516,0.0468,807.516
810023,0.0546,810.023
812508,0.078,812.508
815015,0.0819,815.015
817504,0.0858,817.504
820022,0.0702,820.022
822516,0.0507,822.516
825026,0.0624,825.026
827508,0.0702,827.508
830002,0.0702,830.002
832525,0.0741,832.525
835005,0.0741,835.005
837518,0.0585,837.518
840009,0.0741,840.009
842503,0.0624,842.503
845010,0.0819,845.01
847515,0.0702,847.515
850006,0.0624,850.006
852504,0.0468,852.504
855014,0.0624,855.014
857521,0.0702,857.521
860014,0.0897,860.014
862512,0.078,862.512
865007,0.0663,865.007
867511,0.0507,867.511
870007,0.0468,870.007
872500,0.0585,872.5
875005,0.0819,875.005
877513,0.0897,877.513
880006,0.0858,880.006
882527,0.0624,882.527
885006,0.0507,885.006
887514,0.0429,887.514
890004,0.0507,890.004
892525,0.0585,892.525
895005,0.0741,895.005
897510,0.0702,897.51
900000,0.078,900.0
902503,0.0741,902.503
905486,0.0507,905.486
907520,0.0468,907.52
910024,0.0429,910.024
912506,0.078,912.506
915015,0.078,915.015
917505,0.0936,917.505
920024,0.0897,920.024
922516,0.0819,922.516
925024,0.039,925.024
927506,0.039,927.506
930000,0.0624,930.0
932781,0.0975,932.781
935003,0.1053,935.003
937508,0.078,937.508
940006,0.0468,940.006
942525,0.0351,942.525
945004,0.0507,945.004
947508,0.0741,947.508
950000,0.1053,950.0
952526,0.0897,952.526
955008,0.0663,955.008
957513,0.0429,957.513
960003,0.0429,960.003
962501,0.0546,962.501
965021,0.0741,965.021
967511,0.0819,967.511
970004,0.0819,970.004
972523,0.0702,972.523
975004,0.0546,975.004
977517,0.0624,977.517
980007,0.0702,980.007
982501,0.0546,982.501
985008,0.0624,985.008
987515,0.0663,987.515
990004,0.078,990.004
992525,0.0741,992.525
995006,0.0624,995.006
997514,0.0546,997.514
1000004,0.0585,1000.004
1002512,0.078,1002.512
1005004,0.0702,1005.004
1007883,0.0819,1007.883
1010009,0.0663,1010.009
1012517,0.039,1012.517
1015024,0.0351,1015.024
1017501,0.0624,1017.501
1020022,0.0858,1020.022
1022512,0.0741,1022.512
1025021,0.0741,1025.021
1027503,0.0585,1027.503
1030022,0.0585,1030.022
1032508,0.0624,1032.508
1035016,0.0507,1035.016
1037523,0.0858,1037.523
1040019,0.1053,1040.019
1042511,0.078,1042.511
1045018,0.0507,1045.018
1047523,0.0429,1047.523
1050014,0.0468,1050.014
1052508,0.0585,1052.508
1055020,0.0702,1055.02
1057501,0.0936,1057.501
1060020,0.0741,1060.02
1062517,0.0624,1062.517
1065010,0.0585,1065.01
1067514,0.0507,1067.514
1070004,0.0507,1070.004
1072524,0.0585,1072.524
1075004,0.078,1075.004
1077511,0.0858,1077.511
1080000,0.0819,1080.0
1082521,0.0663,1082.521
1085000,0.0507,1085.0
1087503,0.0507,1087.503
1090020,0.0702,1090.02
1092512,0.0741,1092.512
1095020,0.0819,1095.02
1097525,0.0702,1097.525
1100027,0.0624,1100.027
1102518,0.0546,1102.518
1105011,0.0546,1105.011
1107525,0.0585,1107.525
1110267,0.0663,1110.267
1112500,0.0702,1112.5
1115023,0.0702,1115.023
1117503,0.0741,1117.503
1120005,0.0663,1120.005
1122526,0.0507,1122.526
1125005,0.0429,1125.005
1127515,0.0702,1127.515
1130007,0.0819,1130.007
1132509,0.0741,1132.509
1135021,0.0741,1135.021
1137503,0.0468,1137.503
1140016,0.0585,1140.016
1142525,0.1014,1142.525
1145004,0.0858,1145.004
1147512,0.0741,1147.512
1150001,0.0429,1150.001
1152525,0.0858,1152.525
1155003,0.0234,1155.003
1157508,0.0546,1157.508
1160025,0.1092,1160.025
1162522,0.1053,1162.522
1165014,0.0585,1165.014
1167521,0.039,1167.521
1170013,0.0429,1170.013
1172505,0.039,1172.505
1175011,0.0624,1175.011
1177520,0.0975,1177.52
1180016,0.1131,1180.016
1182510,0.0702,1182.51
1185016,0.0585,1185.016
1187520,0.0468,1187.52
1190010,0.0546,1190.01
1192504,0.0585,1192.504
1195013,0.078,1195.013
1197516,0.0936,1197.516
1200010,0.0858,1200.01
1202517,0.0624,1202.517
1205008,0.0585,1205.008
1207520,0.0429,1207.52
1210022,0.0507,1210.022
1212715,0.0585,1212.715
1215000,0.0936,1215.0
1217509,0.0936,1217.509
1220007,0.0663,1220.007
1222501,0.0507,1222.501
1225008,0.0429,1225.008
1228326,0.0546,1228.326
1230020,0.0624,1230.02
1232518,0.078,1232.518
1235024,0.0858,1235.024
1237525,0.0663,1237.525
1240020,0.0585,1240.02
1242512,0.0624,1242.512
1245021,0.0624,1245.021
1247525,0.0507,1247.525
1250016,0.0585,1250.016
1252512,0.0741,1252.512
1255022,0.0585,1255.022
1257501,0.0468,1257.501
1260023,0.0741,1260.023
1262522,0.1131,1262.522
1265015,0.0897,1265.015
1267519,0.0741,1267.519
1270012,0.0351,1270.012
1272507,0.0585,1272.507
1275015,0.1092,1275.015
1277522,0.0663,1277.522
1280012,0.1365,1280.012
1282506,0.0897,1282.506
1285014,0.0468,1285.014
1287518,0.0195,1287.518
1290011,0.0546,1290.011
1292504,0.0468,1292.504
1295022,0.0741,1295.022
1297503,0.0897,1297.503
1300022,0.0897,1300.022
1302522,0.0624,1302.522
1305013,0.0507,1305.013
1307502,0.0546,1307.502
1310013,0.0507,1310.013
1312518,0.0585,1312.518
1315143,0.0585,1315.143
1317513,0.0936,1317.513
1320011,0.0936,1320.011
1322502,0.0624,1322.502
1325011,0.0429,1325.011
1327521,0.0507,1327.521
1330014,0.0741,1330.014
1332508,0.0624,1332.508
1335017,0.0663,1335.017
1337524,0.0741,1337.524
1340021,0.0819,1340.021
1342515,0.0585,1342.515
1345024,0.0507,1345.024
1347501,0.0702,1347.501
1350023,0.0585,1350.023
1352519,0.0702,1352.519
1355003,0.0702,1355.003
1357508,0.0702,1357.508
1360013,0.0663,1360.013
1362512,0.0624,1362.512
1365007,0.0702,1365.007
1367514,0.0702,1367.514
1370005,0.0624,1370.005
1372501,0.0702,1372.501
1375009,0.0819,1375.009
1377517,0.0741,1377.517
1380010,0.0702,1380.01
1382504,0.0702,1382.504
1385011,0.0702,1385.011
1387515,0.0546,1387.515
1390008,0.0546,1390.008
1392502,0.0624,1392.502
1395012,0.0819,1395.012
1397517,0.0819,1397.517
1400013,0.078,1400.013
1402516,0.0663,1402.516
1405008,0.0585,1405.008
1407517,0.0429,1407.517
1410017,0.0585,1410.017
1412501,0.0624,1412.501
1415008,0.0897,1415.008
1417525,0.0858,1417.525
1420016,0.0663,1420.016
1422509,0.0585,1422.509
1425017,0.0429,1425.017
1427504,0.0507,1427.504
1430025,0.0624,1430.025
1432517,0.0858,1432.517
1435024,0.0819,1435.024
1437503,0.0741,1437.503
1440022,0.0585,1440.022
1442515,0.0585,1442.515
1445023,0.0507,1445.023
1447503,0.0585,1447.503
1450022,0.0741,1450.022
1452517,0.078,1452.517
1455026,0.0702,1455.026
1457506,0.0624,1457.506
1460023,0.0546,1460.023
1462518,0.0585,1462.518
1465009,0.0585,1465.009
1467516,0.0546,1467.516
1470006,0.0663,1470.006
1472526,0.0702,1472.526
1475005,0.0819,1475.005
1477513,0.0702,1477.513
1480002,0.0585,1480.002
1482521,0.0585,1482.521
1485000,0.0585,1485.0
1487504,0.0741,1487.504
1490023,0.0624,1490.023
1492501,0.0819,1492.501
1495006,0.078,1495.006
1497514,0.0702,1497.514
